{
  "part1": {
    "256": {
      "3": {
        "sigma_stars": [
          0.5862068965517241,
          0.6155172413793103,
          0.6155172413793103,
          0.5862068965517241,
          0.6155172413793103,
          0.6155172413793103,
          0.6155172413793103,
          0.5862068965517241,
          0.5862068965517241,
          0.5862068965517241,
          0.5862068965517241,
          0.5862068965517241,
          0.5862068965517241,
          0.5568965517241379,
          0.6155172413793103
        ],
        "mean_sigma_star": 0.5959770114942529,
        "sigma_k": 1.7879310344827586
      },
      "5": {
        "sigma_stars": [
          0.35172413793103446,
          0.35172413793103446,
          0.35172413793103446,
          0.35172413793103446,
          0.32241379310344825,
          0.3810344827586207,
          0.3810344827586207,
          0.3810344827586207,
          0.3810344827586207,
          0.3810344827586207,
          0.35172413793103446,
          0.3810344827586207,
          0.35172413793103446,
          0.35172413793103446,
          0.35172413793103446
        ],
        "mean_sigma_star": 0.36149425287356324,
        "sigma_k": 1.8074712643678161
      },
      "7": {
        "sigma_stars": [
          0.26379310344827583,
          0.26379310344827583,
          0.26379310344827583,
          0.23448275862068965,
          0.26379310344827583,
          0.26379310344827583,
          0.26379310344827583,
          0.23448275862068965,
          0.26379310344827583,
          0.26379310344827583,
          0.23448275862068965,
          0.26379310344827583,
          0.26379310344827583,
          0.26379310344827583,
          0.26379310344827583
        ],
        "mean_sigma_star": 0.2579310344827586,
        "sigma_k": 1.8055172413793104
      },
      "11": {
        "sigma_stars": [
          0.17586206896551723,
          0.17586206896551723,
          0.17586206896551723,
          0.17586206896551723,
          0.17586206896551723,
          0.17586206896551723,
          0.17586206896551723,
          0.17586206896551723,
          0.17586206896551723,
          0.17586206896551723,
          0.17586206896551723,
          0.17586206896551723,
          0.17586206896551723,
          0.14655172413793102,
          0.17586206896551723
        ],
        "mean_sigma_star": 0.17390804597701148,
        "sigma_k": 1.9129885057471263
      }
    },
    "512": {
      "3": {
        "sigma_stars": [
          0.6155172413793103,
          0.5568965517241379,
          0.6155172413793103,
          0.5862068965517241,
          0.6155172413793103,
          0.6155172413793103,
          0.5862068965517241,
          0.6155172413793103,
          0.6155172413793103,
          0.5862068965517241,
          0.5862068965517241,
          0.5568965517241379,
          0.5862068965517241,
          0.5862068965517241,
          0.6155172413793103
        ],
        "mean_sigma_star": 0.5959770114942528,
        "sigma_k": 1.7879310344827584
      },
      "5": {
        "sigma_stars": [
          0.35172413793103446,
          0.3810344827586207,
          0.3810344827586207,
          0.3810344827586207,
          0.35172413793103446,
          0.35172413793103446,
          0.35172413793103446,
          0.35172413793103446,
          0.35172413793103446,
          0.35172413793103446,
          0.3810344827586207,
          0.3810344827586207,
          0.35172413793103446,
          0.3810344827586207,
          0.35172413793103446
        ],
        "mean_sigma_star": 0.36344827586206896,
        "sigma_k": 1.8172413793103448
      },
      "7": {
        "sigma_stars": [
          0.26379310344827583,
          0.26379310344827583,
          0.26379310344827583,
          0.26379310344827583,
          0.26379310344827583,
          0.26379310344827583,
          0.26379310344827583,
          0.26379310344827583,
          0.26379310344827583,
          0.29310344827586204,
          0.26379310344827583,
          0.26379310344827583,
          0.26379310344827583,
          0.26379310344827583,
          0.29310344827586204
        ],
        "mean_sigma_star": 0.26770114942528733,
        "sigma_k": 1.8739080459770112
      },
      "11": {
        "sigma_stars": [
          0.17586206896551723,
          0.17586206896551723,
          0.17586206896551723,
          0.17586206896551723,
          0.17586206896551723,
          0.17586206896551723,
          0.17586206896551723,
          0.17586206896551723,
          0.17586206896551723,
          0.17586206896551723,
          0.17586206896551723,
          0.17586206896551723,
          0.17586206896551723,
          0.17586206896551723,
          0.17586206896551723
        ],
        "mean_sigma_star": 0.17586206896551723,
        "sigma_k": 1.9344827586206896
      }
    },
    "1024": {
      "3": {
        "sigma_stars": [
          0.5862068965517241,
          0.5862068965517241,
          0.6155172413793103,
          0.6155172413793103,
          0.6155172413793103,
          0.5568965517241379,
          0.6155172413793103,
          0.5862068965517241,
          0.5862068965517241,
          0.5862068965517241,
          0.5862068965517241,
          0.5862068965517241,
          0.5862068965517241,
          0.5862068965517241,
          0.5862068965517241
        ],
        "mean_sigma_star": 0.5920689655172413,
        "sigma_k": 1.776206896551724
      },
      "5": {
        "sigma_stars": [
          0.3810344827586207,
          0.35172413793103446,
          0.35172413793103446,
          0.3810344827586207,
          0.35172413793103446,
          0.35172413793103446,
          0.35172413793103446,
          0.3810344827586207,
          0.35172413793103446,
          0.35172413793103446,
          0.35172413793103446,
          0.35172413793103446,
          0.3810344827586207,
          0.35172413793103446,
          0.35172413793103446
        ],
        "mean_sigma_star": 0.35954022988505746,
        "sigma_k": 1.7977011494252872
      },
      "7": {
        "sigma_stars": [
          0.26379310344827583,
          0.26379310344827583,
          0.26379310344827583,
          0.26379310344827583,
          0.26379310344827583,
          0.26379310344827583,
          0.26379310344827583,
          0.26379310344827583,
          0.26379310344827583,
          0.26379310344827583,
          0.26379310344827583,
          0.26379310344827583,
          0.26379310344827583,
          0.26379310344827583,
          0.26379310344827583
        ],
        "mean_sigma_star": 0.26379310344827583,
        "sigma_k": 1.8465517241379308
      },
      "11": {
        "sigma_stars": [
          0.17586206896551723,
          0.17586206896551723,
          0.17586206896551723,
          0.17586206896551723,
          0.17586206896551723,
          0.17586206896551723,
          0.17586206896551723,
          0.17586206896551723,
          0.17586206896551723,
          0.17586206896551723,
          0.17586206896551723,
          0.17586206896551723,
          0.17586206896551723,
          0.17586206896551723,
          0.17586206896551723
        ],
        "mean_sigma_star": 0.17586206896551723,
        "sigma_k": 1.9344827586206896
      }
    }
  },