{
  "Z_3 x Z_5 -> Z_15": {
    "k1": 3,
    "k2": 5,
    "k_target": 15,
    "min_k": 3,
    "closure_rates": [
      1.0,
      1.0,
      1.0,
      1.0,
      1.0,
      1.0,
      1.0,
      1.0,
      1.0,
      1.0,
      1.0,
      1.0,
      1.0,
      1.0,
      1.0
    ],
    "mean_closure": 1.0
  },
  "Z_5 x Z_7 -> Z_35": {
    "k1": 5,
    "k2": 7,
    "k_target": 35,
    "min_k": 5,
    "closure_rates": [
      1.0,
      1.0,
      1.0,
      1.0,
      1.0,
      1.0,
      1.0,
      1.0,
      1.0,
      1.0,
      1.0,
      1.0,
      1.0,
      1.0,
      1.0
    ],
    "mean_closure": 1.0
  },
  "Z_2 x Z_3 -> Z_6": {
    "k1": 2,
    "k2": 3,
    "k_target": 6,
    "min_k": 2,
    "closure_rates": [
      0.184,
      0.18,
      0.176,
      0.15,
      0.152,
      0.154,
      0.168,
      0.176,
      0.146,
      0.166,
      0.166,
      0.15,
      0.182,
      0.17,
      0.152
    ],
    "mean_closure": 0.16479999999999997
  },
  "Z_2 x Z_5 -> Z_10": {
    "k1": 2,
    "k2": 5,
    "k_target": 10,
    "min_k": 2,
    "closure_rates": [
      0.178,
      0.168,
      0.204,
      0.17,
      0.196,
      0.184,
      0.182,
      0.214,
      0.176,
      0.19,
      0.176,
      0.204,
      0.226,
      0.178,
      0.166
    ],
    "mean_closure": 0.18746666666666664
  },
  "Z_2 x Z_7 -> Z_14": {
    "k1": 2,
    "k2": 7,
    "k_target": 14,
    "min_k": 2,
    "closure_rates": [
      0.078,
      0.074,
      0.064,
      0.062,
      0.084,
      0.084,
      0.086,
      0.078,
      0.06,
      0.07,
      0.086,
      0.078,
      0.078,
      0.072,
      0.088
    ],
    "mean_closure": 0.07613333333333333
  },
  "Z_3 x Z_7 -> Z_21": {
    "k1": 3,
    "k2": 7,
    "k_target": 21,
    "min_k": 3,
    "closure_rates": [
      0.054,
      0.056,
      0.046,
      0.048,
      0.064,
      0.054,
      0.042,
      0.048,
      0.028,
      0.022,
      0.054,
      0.034,
      0.038,
      0.054,
      0.046
    ],
    "mean_closure": 0.04586666666666669
  }
}