{
  "64": {
    "3": {
      "sigma_stars": [
        null,
        null,
        null,
        null,
        null,
        null,
        null,
        null,
        null,
        null
      ],
      "mean_sigma_star": null,
      "sigma_k": null
    },
    "5": {
      "sigma_stars": [
        0.3421052631578947,
        0.3421052631578947,
        0.3421052631578947,
        0.3684210526315789,
        0.3421052631578947,
        0.3421052631578947,
        0.3157894736842105,
        0.3421052631578947,
        0.3421052631578947,
        0.39473684210526316
      ],
      "mean_sigma_star": 0.34736842105263155,
      "sigma_k": 1.7368421052631577
    },
    "7": {
      "sigma_stars": [
        0.23684210526315788,
        0.2631578947368421,
        0.23684210526315788,
        0.21052631578947367,
        0.2894736842105263,
        0.2631578947368421,
        0.2631578947368421,
        0.21052631578947367,
        0.23684210526315788,
        0.2631578947368421
      ],
      "mean_sigma_star": 0.24736842105263154,
      "sigma_k": 1.7315789473684209
    },
    "11": {
      "sigma_stars": [
        0.18421052631578946,
        0.15789473684210525,
        0.18421052631578946,
        0.15789473684210525,
        0.15789473684210525,
        0.21052631578947367,
        0.18421052631578946,
        0.18421052631578946,
        0.15789473684210525,
        0.15789473684210525
      ],
      "mean_sigma_star": 0.1736842105263158,
      "sigma_k": 1.9105263157894739
    }
  },
  "128": {
    "3": {
      "sigma_stars": [
        null,
        null,
        null,
        null,
        null,
        0.47368421052631576,
        null,
        null,
        0.5,
        null
      ],
      "mean_sigma_star": 0.48684210526315785,
      "sigma_k": 1.4605263157894735
    },
    "5": {
      "sigma_stars": [
        0.3684210526315789,
        0.3684210526315789,
        0.3684210526315789,
        0.3684210526315789,
        0.3157894736842105,
        0.3684210526315789,
        0.3684210526315789,
        0.3421052631578947,
        0.3421052631578947,
        0.3684210526315789
      ],
      "mean_sigma_star": 0.3578947368421052,
      "sigma_k": 1.789473684210526
    },
    "7": {
      "sigma_stars": [
        0.2894736842105263,
        0.23684210526315788,
        0.2631578947368421,
        0.2631578947368421,
        0.2631578947368421,
        0.2631578947368421,
        0.2631578947368421,
        0.2631578947368421,
        0.23684210526315788,
        0.3157894736842105
      ],
      "mean_sigma_star": 0.2657894736842105,
      "sigma_k": 1.8605263157894736
    },
    "11": {
      "sigma_stars": [
        0.15789473684210525,
        0.18421052631578946,
        0.18421052631578946,
        0.15789473684210525,
        0.15789473684210525,
        0.15789473684210525,
        0.15789473684210525,
        0.18421052631578946,
        0.18421052631578946,
        0.18421052631578946
      ],
      "mean_sigma_star": 0.17105263157894735,
      "sigma_k": 1.8815789473684208
    }
  },
  "256": {
    "3": {
      "sigma_stars": [
        null,
        null,
        null,
        null,
        null,
        null,
        null,
        null,
        null,
        null
      ],
      "mean_sigma_star": null,
      "sigma_k": null
    },
    "5": {
      "sigma_stars": [
        0.3421052631578947,
        0.3684210526315789,
        0.3421052631578947,
        0.3421052631578947,
        0.3684210526315789,
        0.3684210526315789,
        0.3684210526315789,
        0.3684210526315789,
        0.3684210526315789,
        0.3421052631578947
      ],
      "mean_sigma_star": 0.3578947368421052,
      "sigma_k": 1.789473684210526
    },
    "7": {
      "sigma_stars": [
        0.23684210526315788,
        0.2631578947368421,
        0.2631578947368421,
        0.2631578947368421,
        0.2631578947368421,
        0.2894736842105263,
        0.23684210526315788,
        0.2631578947368421,
        0.23684210526315788,
        0.2631578947368421
      ],
      "mean_sigma_star": 0.25789473684210523,
      "sigma_k": 1.8052631578947367
    },
    "11": {
      "sigma_stars": [
        0.18421052631578946,
        0.18421052631578946,
        0.18421052631578946,
        0.18421052631578946,
        0.15789473684210525,
        0.15789473684210525,
        0.18421052631578946,
        0.15789473684210525,
        0.15789473684210525,
        0.18421052631578946
      ],
      "mean_sigma_star": 0.17368421052631577,
      "sigma_k": 1.9105263157894736
    }
  },
  "512": {
    "3": {
      "sigma_stars": [
        null,
        null,
        null,
        null,
        null,
        null,
        null,
        null,
        null,
        null
      ],
      "mean_sigma_star": null,
      "sigma_k": null
    },
    "5": {
      "sigma_stars": [
        0.3421052631578947,
        0.39473684210526316,
        0.3684210526315789,
        0.3684210526315789,
        0.3421052631578947,
        0.3421052631578947,
        0.3684210526315789,
        0.3421052631578947,
        0.3684210526315789,
        0.3684210526315789
      ],
      "mean_sigma_star": 0.36052631578947364,
      "sigma_k": 1.8026315789473681
    },
    "7": {
      "sigma_stars": [
        0.23684210526315788,
        0.2631578947368421,
        0.2631578947368421,
        0.2631578947368421,
        0.2631578947368421,
        0.2631578947368421,
        0.2631578947368421,
        0.2631578947368421,
        0.2631578947368421,
        0.2631578947368421
      ],
      "mean_sigma_star": 0.2605263157894736,
      "sigma_k": 1.8236842105263151
    },
    "11": {
      "sigma_stars": [
        0.15789473684210525,
        0.18421052631578946,
        0.18421052631578946,
        0.15789473684210525,
        0.18421052631578946,
        0.15789473684210525,
        0.18421052631578946,
        0.15789473684210525,
        0.15789473684210525,
        0.15789473684210525
      ],
      "mean_sigma_star": 0.16842105263157894,
      "sigma_k": 1.8526315789473684
    }
  },
  "1024": {
    "3": {
      "sigma_stars": [
        null,
        null,
        null,
        null,
        null,
        null,
        null,
        null,
        null,
        null
      ],
      "mean_sigma_star": null,
      "sigma_k": null
    },
    "5": {
      "sigma_stars": [
        0.3684210526315789,
        0.3684210526315789,
        0.3684210526315789,
        0.3421052631578947,
        0.3684210526315789,
        0.3421052631578947,
        0.3684210526315789,
        0.3684210526315789,
        0.3684210526315789,
        0.3421052631578947
      ],
      "mean_sigma_star": 0.36052631578947364,
      "sigma_k": 1.8026315789473681
    },
    "7": {
      "sigma_stars": [
        0.2631578947368421,
        0.2631578947368421,
        0.2631578947368421,
        0.23684210526315788,
        0.2631578947368421,
        0.2631578947368421,
        0.2631578947368421,
        0.2631578947368421,
        0.2631578947368421,
        0.2631578947368421
      ],
      "mean_sigma_star": 0.2605263157894736,
      "sigma_k": 1.8236842105263151
    },
    "11": {
      "sigma_stars": [
        0.18421052631578946,
        0.15789473684210525,
        0.18421052631578946,
        0.15789473684210525,
        0.18421052631578946,
        0.15789473684210525,
        0.15789473684210525,
        0.15789473684210525,
        0.18421052631578946,
        0.15789473684210525
      ],
      "mean_sigma_star": 0.16842105263157894,
      "sigma_k": 1.8526315789473684
    }
  },
  "2048": {
    "3": {
      "sigma_stars": [
        null,
        null,
        null,
        null,
        null,
        null,
        null,
        null,
        null,
        null
      ],
      "mean_sigma_star": null,
      "sigma_k": null
    },