{
  "3": {
    "critical_sigma": 0.03571428571428571,
    "pi_over_k": 1.0471975511965976,
    "ratio": 0.10714285714285714
  },
  "5": {
    "critical_sigma": 0.03571428571428571,
    "pi_over_k": 0.6283185307179586,
    "ratio": 0.17857142857142855
  },
  "7": {
    "critical_sigma": 0.03571428571428571,
    "pi_over_k": 0.4487989505128276,
    "ratio": 0.25
  },
  "11": {
    "critical_sigma": 0.03571428571428571,
    "pi_over_k": 0.28559933214452665,
    "ratio": 0.39285714285714285
  }
}