{
  "0.0": {
    "Q_mean": 0.2857142929422387,
    "Q_std": 2.6663675332105172e-09,
    "accuracy_mean": 1.0,
    "accuracy_std": 0.0,
    "Q_values": [
      0.2857142959236705,
      0.2857142900511534,
      0.28571428824422496,
      0.28571429366501006,
      0.2857142968271347,
      0.28571429502020634,
      0.28571429050288544,
      0.28571429366501006,
      0.28571429366501006,
      0.28571428959942125,
      0.28571429366501,
      0.2857142968271346,
      0.2857142972788667,
      0.28571429050288544,
      0.28571429095461753,
      0.2857142918580817,
      0.28571428959942125,
      0.28571429366501,
      0.2857142918580817,
      0.28571429547193833
    ],
    "accuracies": [
      1.0,
      1.0,
      1.0,
      1.0,
      1.0,
      1.0,
      1.0,
      1.0,
      1.0,
      1.0,
      1.0,
      1.0,
      1.0,
      1.0,
      1.0,
      1.0,
      1.0,
      1.0,
      1.0,
      1.0
    ]
  },
  "0.05": {
    "Q_mean": 0.2857142929422387,
    "Q_std": 2.6663675332105172e-09,
    "accuracy_mean": 1.0,
    "accuracy_std": 0.0,
    "Q_values": [
      0.2857142959236705,
      0.2857142900511534,
      0.28571428824422496,
      0.28571429366501006,
      0.2857142968271347,
      0.28571429502020634,
      0.28571429050288544,
      0.28571429366501006,
      0.28571429366501006,
      0.28571428959942125,
      0.28571429366501,
      0.2857142968271346,
      0.2857142972788667,
      0.28571429050288544,
      0.28571429095461753,
      0.2857142918580817,
      0.28571428959942125,
      0.28571429366501,
      0.2857142918580817,
      0.28571429547193833
    ],
    "accuracies": [
      1.0,
      1.0,
      1.0,
      1.0,
      1.0,
      1.0,
      1.0,
      1.0,
      1.0,
      1.0,
      1.0,
      1.0,
      1.0,
      1.0,
      1.0,
      1.0,
      1.0,
      1.0,
      1.0,
      1.0
    ]
  },
  "0.1": {
    "Q_mean": 0.2857142929422387,
    "Q_std": 2.6663675332105172e-09,
    "accuracy_mean": 0.9979000061750412,
    "accuracy_std": 0.0018411963245380375,
    "Q_values": [
      0.2857142959236705,
      0.2857142900511534,
      0.28571428824422496,
      0.28571429366501006,
      0.2857142968271347,
      0.28571429502020634,
      0.28571429050288544,
      0.28571429366501006,
      0.28571429366501006,
      0.28571428959942125,
      0.28571429366501,
      0.2857142968271346,
      0.2857142972788667,
      0.28571429050288544,
      0.28571429095461753,
      0.2857142918580817,
      0.28571428959942125,
      0.28571429366501,
      0.2857142918580817,
      0.28571429547193833
    ],
    "accuracies": [
      0.9959999918937683,
      0.9980000257492065,
      1.0,
      1.0,
      0.9959999918937683,
      0.9959999918937683,
      0.9959999918937683,
      0.9940000176429749,
      0.9980000257492065,
      0.9980000257492065,
      1.0,
      1.0,
      0.9980000257492065,
      1.0,
      0.9959999918937683,
      1.0,
      0.9959999918937683,
      1.0,
      0.9980000257492065,
      0.9980000257492065
    ]
  },
  "0.15": {
    "Q_mean": 0.2857142929422387,
    "Q_std": 2.6663675332105172e-09,
    "accuracy_mean": 0.9631999999284744,
    "accuracy_std": 0.007984985671028904,
    "Q_values": [
      0.2857142959236705,
      0.2857142900511534,
      0.28571428824422496,
      0.28571429366501006,
      0.2857142968271347,
      0.28571429502020634,
      0.28571429050288544,
      0.28571429366501006,
      0.28571429366501006,
      0.28571428959942125,
      0.28571429366501,
      0.2857142968271346,
      0.2857142972788667,
      0.28571429050288544,
      0.28571429095461753,
      0.2857142918580817,
      0.28571428959942125,
      0.28571429366501,
      0.2857142918580817,
      0.28571429547193833
    ],
    "accuracies": [
      0.9679999947547913,
      0.9559999704360962,
      0.9700000286102295,
      0.9739999771118164,
      0.9639999866485596,
      0.9559999704360962,
      0.9660000205039978,
      0.9679999947547913,
      0.9779999852180481,
      0.9679999947547913,
      0.9660000205039978,
      0.9580000042915344,
      0.9480000138282776,
      0.9599999785423279,
      0.9480000138282776,
      0.9660000205039978,
      0.9539999961853027,
      0.9660000205039978,
      0.972000002861023,
      0.9580000042915344
    ]
  },
  "0.2": {
    "Q_mean": 0.2857142929422387,
    "Q_std": 2.6663675332105172e-09,
    "accuracy_mean": 0.8868000000715256,
    "accuracy_std": 0.013105729670069873,
    "Q_values": [
      0.2857142959236705,
      0.2857142900511534,
      0.28571428824422496,
      0.28571429366501006,
      0.2857142968271347,
      0.28571429502020634,
      0.28571429050288544,
      0.28571429366501006,
      0.28571429366501006,
      0.28571428959942125,
      0.28571429366501,
      0.2857142968271346,
      0.2857142972788667,
      0.28571429050288544,
      0.28571429095461753,
      0.2857142918580817,
      0.28571428959942125,
      0.28571429366501,
      0.2857142918580817,
      0.28571429547193833
    ],
    "accuracies": [
      0.8960000276565552,
      0.8859999775886536,
      0.9160000085830688,
      0.9020000100135803,
      0.8740000128746033,
      0.878000020980835,
      0.8999999761581421,
      0.8960000276565552,
      0.8740000128746033,
      0.8740000128746033,
      0.8980000019073486,
      0.8899999856948853,
      0.8840000033378601,
      0.9020000100135803,
      0.8679999709129333,
      0.8880000114440918,
      0.871999979019165,
      0.871999979019165,
      0.8939999938011169,
      0.871999979019165
    ]
  },
  "0.25": {
    "Q_mean": 0.2857142929422387,
    "Q_std": 2.6663675332105172e-09,
    "accuracy_mean": 0.7968000054359436,
    "accuracy_std": 0.012796874002879483,
    "Q_values": [
      0.2857142959236705,
      0.2857142900511534,
      0.28571428824422496,
      0.28571429366501006,
      0.2857142968271347,
      0.28571429502020634,
      0.28571429050288544,
      0.28571429366501006,
      0.28571429366501006,
      0.28571428959942125,
      0.28571429366501,
      0.2857142968271346,
      0.2857142972788667,
      0.28571429050288544,
      0.28571429095461753,
      0.2857142918580817,
      0.28571428959942125,
      0.28571429366501,
      0.2857142918580817,
      0.28571429547193833
    ],
    "accuracies": [
      0.8040000200271606,
      0.7940000295639038,
      0.8100000023841858,
      0.7979999780654907,
      0.800000011920929,
      0.7900000214576721,
      0.7979999780654907,
      0.7680000066757202,
      0.7940000295639038,
      0.8100000023841858,
      0.7960000038146973,
      0.7960000038146973,
      0.7760000228881836,
      0.7860000133514404,
      0.7839999794960022,
      0.7879999876022339,
      0.7960000038146973,
      0.8220000267028809,
      0.8100000023841858,
      0.8159999847412109
    ]
  },
  "0.26": {
    "Q_mean": 0.2857142929422387,
    "Q_std": 2.6663675332105172e-09,
    "accuracy_mean": 0.7820000022649765,
    "accuracy_std": 0.02170713652194065,
    "Q_values": [
      0.2857142959236705,
      0.2857142900511534,
      0.28571428824422496,
      0.28571429366501006,
      0.2857142968271347,
      0.28571429502020634,
      0.28571429050288544,
      0.28571429366501006,
      0.28571429366501006,
      0.28571428959942125,
      0.28571429366501,
      0.2857142968271346,
      0.2857142972788667,
      0.28571429050288544,
      0.28571429095461753,
      0.2857142918580817,
      0.28571428959942125,
      0.28571429366501,
      0.2857142918580817,
      0.28571429547193833
    ],