{
  "0.0": {
    "holonomy_mean": 1.0,
    "holonomy_std": 0.0,
    "group_closure_mean": 1.0,
    "group_closure_std": 0.0,
    "accuracy_mean": 1.0,
    "accuracy_std": 0.0,
    "holonomy_values": [
      1.0,
      1.0,
      1.0,
      1.0,
      1.0,
      1.0,
      1.0,
      1.0,
      1.0,
      1.0,
      1.0,
      1.0,
      1.0,
      1.0,
      1.0,
      1.0,
      1.0,
      1.0,
      1.0,
      1.0
    ],
    "accuracy_values": [
      1.0,
      1.0,
      1.0,
      1.0,
      1.0,
      1.0,
      1.0,
      1.0,
      1.0,
      1.0,
      1.0,
      1.0,
      1.0,
      1.0,
      1.0,
      1.0,
      1.0,
      1.0,
      1.0,
      1.0
    ]
  },
  "0.05": {
    "holonomy_mean": 1.0,
    "holonomy_std": 0.0,
    "group_closure_mean": 1.0,
    "group_closure_std": 0.0,
    "accuracy_mean": 1.0,
    "accuracy_std": 0.0,
    "holonomy_values": [
      1.0,
      1.0,
      1.0,
      1.0,
      1.0,
      1.0,
      1.0,
      1.0,
      1.0,
      1.0,
      1.0,
      1.0,
      1.0,
      1.0,
      1.0,
      1.0,
      1.0,
      1.0,
      1.0,
      1.0
    ],
    "accuracy_values": [
      1.0,
      1.0,
      1.0,
      1.0,
      1.0,
      1.0,
      1.0,
      1.0,
      1.0,
      1.0,
      1.0,
      1.0,
      1.0,
      1.0,
      1.0,
      1.0,
      1.0,
      1.0,
      1.0,
      1.0
    ]
  },
  "0.1": {
    "holonomy_mean": 1.0,
    "holonomy_std": 0.0,
    "group_closure_mean": 1.0,
    "group_closure_std": 0.0,
    "accuracy_mean": 0.9565999984741211,
    "accuracy_std": 0.007539234386976074,
    "holonomy_values": [
      1.0,
      1.0,
      1.0,
      1.0,
      1.0,
      1.0,
      1.0,
      1.0,
      1.0,
      1.0,
      1.0,
      1.0,
      1.0,
      1.0,
      1.0,
      1.0,
      1.0,
      1.0,
      1.0,
      1.0
    ],
    "accuracy_values": [
      0.9559999704360962,
      0.9580000042915344,
      0.9459999799728394,
      0.972000002861023,
      0.9559999704360962,
      0.9580000042915344,
      0.9639999866485596,
      0.9520000219345093,
      0.9580000042915344,
      0.9700000286102295,
      0.9480000138282776,
      0.9679999947547913,
      0.9599999785423279,
      0.9539999961853027,
      0.949999988079071,
      0.9580000042915344,
      0.9520000219345093,
      0.9580000042915344,
      0.9520000219345093,
      0.9419999718666077
    ]
  },
  "0.15": {
    "holonomy_mean": 1.0,
    "holonomy_std": 0.0,
    "group_closure_mean": 1.0,
    "group_closure_std": 0.0,
    "accuracy_mean": 0.8208999961614609,
    "accuracy_std": 0.01491945237184224,
    "holonomy_values": [
      1.0,
      1.0,
      1.0,
      1.0,
      1.0,
      1.0,
      1.0,
      1.0,
      1.0,
      1.0,
      1.0,
      1.0,
      1.0,
      1.0,
      1.0,
      1.0,
      1.0,
      1.0,
      1.0,
      1.0
    ],
    "accuracy_values": [
      0.8159999847412109,
      0.8019999861717224,
      0.8220000267028809,
      0.8600000143051147,
      0.8259999752044678,
      0.8019999861717224,
      0.8199999928474426,
      0.8159999847412109,
      0.8539999723434448,
      0.8320000171661377,
      0.8199999928474426,
      0.8220000267028809,
      0.828000009059906,
      0.8180000185966492,
      0.8140000104904175,
      0.8259999752044678,
      0.8119999766349792,
      0.8199999928474426,
      0.8119999766349792,
      0.7960000038146973
    ]
  },
  "0.17": {
    "holonomy_mean": 1.0,
    "holonomy_std": 0.0,
    "group_closure_mean": 1.0,
    "group_closure_std": 0.0,
    "accuracy_mean": 0.7657999992370605,
    "accuracy_std": 0.015593593996914878,
    "holonomy_values": [
      1.0,
      1.0,
      1.0,
      1.0,
      1.0,
      1.0,
      1.0,
      1.0,
      1.0,
      1.0,
      1.0,
      1.0,
      1.0,
      1.0,
      1.0,
      1.0,
      1.0,
      1.0,
      1.0,
      1.0
    ],
    "accuracy_values": [
      0.7760000228881836,
      0.7599999904632568,
      0.7620000243186951,
      0.800000011920929,
      0.7720000147819519,
      0.7680000066757202,
      0.75,
      0.7419999837875366,
      0.75,
      0.7760000228881836,
      0.777999997138977,
      0.7820000052452087,
      0.7519999742507935,
      0.7820000052452087,
      0.7559999823570251,
      0.7559999823570251,
      0.7400000095367432,
      0.7699999809265137,
      0.7879999876022339,
      0.7559999823570251
    ]
  },
  "0.18": {
    "holonomy_mean": 1.0,
    "holonomy_std": 0.0,
    "group_closure_mean": 1.0,
    "group_closure_std": 0.0,
    "accuracy_mean": 0.7381999969482422,
    "accuracy_std": 0.013941307407936051,
    "holonomy_values": [
      1.0,
      1.0,
      1.0,
      1.0,
      1.0,
      1.0,
      1.0,
      1.0,
      1.0,
      1.0,
      1.0,
      1.0,
      1.0,
      1.0,
      1.0,
      1.0,
      1.0,
      1.0,
      1.0,
      1.0
    ],
    "accuracy_values": [
      0.7379999756813049,
      0.7440000176429749,
      0.7620000243186951,
      0.7419999837875366,
      0.7360000014305115,
      0.7319999933242798,
      0.7279999852180481,
      0.734000027179718,
      0.7400000095367432,
      0.7419999837875366,
      0.7360000014305115,
      0.7260000109672546,
      0.7400000095367432,
      0.7160000205039978,
      0.7059999704360962,
      0.7239999771118164,
      0.7459999918937683,
      0.7599999904632568,
      0.7599999904632568,
      0.7519999742507935
    ]
  },
  "0.2": {
    "holonomy_mean": 1.0,
    "holonomy_std": 0.0,
    "group_closure_mean": 1.0,
    "group_closure_std": 0.0,
    "accuracy_mean": 0.69269999563694,
    "accuracy_std": 0.022770816268491027,
    "holonomy_values": [
      1.0,
      1.0,
      1.0,
      1.0,
      1.0,
      1.0,
      1.0,
      1.0,
      1.0,
      1.0,
      1.0,
      1.0,
      1.0,
      1.0,
      1.0,
      1.0,
      1.0,
      1.0,
      1.0,
      1.0
    ],
    "accuracy_values": [
      0.6620000004768372,
      0.699999988079071,
      0.6800000071525574,
      0.7099999785423279,
      0.6959999799728394,
      0.7099999785423279,
      0.6819999814033508,
      0.734000027179718,
      0.7020000219345093,
      0.6740000247955322,
      0.7400000095367432,
      0.7099999785423279,
      0.6539999842643738,
      0.6819999814033508,
      0.6520000100135803,
      0.6759999990463257,
      0.6980000138282776,
      0.6919999718666077,
      0.6919999718666077,
      0.7080000042915344
    ]
  },
  "0.22": {
    "holonomy_mean": 1.0,
    "holonomy_std": 0.0,
    "group_closure_mean": 1.0,
    "group_closure_std": 0.0,
    "accuracy_mean": 0.6485000014305115,
    "accuracy_std": 0.018664138031178265,
    "holonomy_values": [
      1.0,
      1.0,
      1.0,
      1.0,
      1.0,
      1.0,
      1.0,
      1.0,
      1.0,
      1.0,
      1.0,
      1.0,
      1.0,
      1.0,
      1.0,
      1.0,
      1.0,
      1.0,
      1.0,
      1.0
    ],
    "accuracy_values": [
      0.6800000071525574,
      0.6119999885559082,
      0.6460000276565552,
      0.671999990940094,
      0.6480000019073486,
      0.6299999952316284,
      0.6600000262260437,
      0.6620000004768372,
      0.6060000061988831,
      0.6499999761581421,
      0.6579999923706055,
      0.6639999747276306,
      0.6299999952316284,
      0.6420000195503235,
      0.6520000100135803,
      0.6539999842643738,
      0.6700000166893005,
      0.656000018119812,
      0.6299999952316284,
      0.6480000019073486
    ]
  },
  "0.25": {
    "holonomy_mean": 1.0,
    "holonomy_std": 0.0,
    "group_closure_mean": 1.0,
    "group_closure_std": 0.0,
    "accuracy_mean": 0.5875999987125397,
    "accuracy_std": 0.01948947918955858,
    "holonomy_values": [
      1.0,
      1.0,
      1.0,
      1.0,
      1.0,
      1.0,
      1.0,
      1.0,
      1.0,
      1.0,
      1.0,
      1.0,
      1.0,
      1.0,
      1.0,
      1.0,
      1.0,
      1.0,
      1.0,
      1.0
    ],