{
  "0.0": {
    "Q_mean": 0.2857142933939708,
    "Q_std": 2.2148696596297303e-09,
    "off_diag_mean": 0.2857142933939708,
    "diag_mean": 0.0,
    "accuracy_mean": 1.0,
    "accuracy_std": 0.0,
    "Q_values": [
      0.2857142959236705,
      0.2857142923098138,
      0.28571429456847425,
      0.2857142918580817,
      0.28571429366501006,
      0.28571429818233096,
      0.28571429230981377,
      0.28571429005115334,
      0.28571429321327796,
      0.28571429185808167
    ],
    "accuracies": [
      1.0,
      1.0,
      1.0,
      1.0,
      1.0,
      1.0,
      1.0,
      1.0,
      1.0,
      1.0
    ]
  },
  "0.1": {
    "Q_mean": 0.2857142929874119,
    "Q_std": 2.476299556319524e-09,
    "off_diag_mean": 0.2857142929874119,
    "diag_mean": 0.0,
    "accuracy_mean": 1.0,
    "accuracy_std": 0.0,
    "Q_values": [
      0.28571429592367054,
      0.28571429321327796,
      0.2857142891476892,
      0.28571428959942125,
      0.28571429547193844,
      0.28571429185808167,
      0.2857142950202063,
      0.285714293213278,
      0.28571429050288544,
      0.2857142959236705
    ],
    "accuracies": [
      1.0,
      1.0,
      1.0,
      1.0,
      1.0,
      1.0,
      1.0,
      1.0,
      1.0,
      1.0
    ]
  },
  "0.2": {
    "Q_mean": 0.2857142938457029,
    "Q_std": 3.07841415961675e-09,
    "off_diag_mean": 0.2857142938457029,
    "diag_mean": 0.0,
    "accuracy_mean": 1.0,
    "accuracy_std": 0.0,
    "Q_values": [
      0.2857142918580817,
      0.2857142914063496,
      0.28571429863406306,
      0.2857142918580817,
      0.28571429050288544,
      0.28571429230981377,
      0.28571429050288544,
      0.2857142963754026,
      0.28571429727886677,
      0.28571429773059887
    ],
    "accuracies": [
      1.0,
      1.0,
      1.0,
      1.0,
      1.0,
      1.0,
      1.0,
      1.0,
      1.0,
      1.0
    ]
  },
  "0.26": {
    "Q_mean": 0.2857142954719384,
    "Q_std": 2.4659772886932353e-09,
    "off_diag_mean": 0.2857142954719384,
    "diag_mean": 0.0,
    "accuracy_mean": 1.0,
    "accuracy_std": 0.0,
    "Q_values": [
      0.28571429592367054,
      0.28571429456847425,
      0.285714298634063,
      0.28571429727886677,
      0.28571429050288544,
      0.28571429502020634,
      0.2857142918580817,
      0.2857142959236705,
      0.28571429773059887,
      0.28571429727886677
    ],
    "accuracies": [
      1.0,
      1.0,
      1.0,
      1.0,
      1.0,
      1.0,
      1.0,
      1.0,
      1.0,
      1.0
    ]
  },
  "0.28": {
    "Q_mean": 0.2857142939360493,
    "Q_std": 2.564947371196594e-09,
    "off_diag_mean": 0.2857142939360493,
    "diag_mean": 0.0,
    "accuracy_mean": 1.0,
    "accuracy_std": 0.0,
    "Q_values": [
      0.28571429321327796,
      0.28571429411674215,
      0.28571429547193844,
      0.28571429682713473,
      0.28571429366501006,
      0.28571429050288544,
      0.2857142968271346,
      0.28571428959942125,
      0.28571429727886677,
      0.2857142918580817
    ],
    "accuracies": [
      1.0,
      1.0,
      1.0,
      1.0,
      1.0,
      1.0,
      1.0,
      1.0,
      1.0,
      1.0
    ]
  },
  "0.3": {
    "Q_mean": 0.2857142930325851,
    "Q_std": 3.2398986117190184e-09,
    "off_diag_mean": 0.2857142930325851,
    "diag_mean": 0.0,
    "accuracy_mean": 1.0,
    "accuracy_std": 0.0,
    "Q_values": [
      0.2857142886959571,
      0.2857142873407608,
      0.28571429366501,
      0.2857142963754026,
      0.28571429276154586,
      0.28571429366501006,
      0.28571429366501,
      0.28571429727886677,
      0.2857142968271346,
      0.28571429005115334
    ],
    "accuracies": [
      1.0,
      1.0,
      1.0,
      1.0,
      1.0,
      1.0,
      1.0,
      1.0,
      1.0,
      1.0
    ]
  },
  "0.32": {
    "Q_mean": 0.28571429276154586,
    "Q_std": 2.6340280907312755e-09,
    "off_diag_mean": 0.28571429276154586,
    "diag_mean": 0.0,
    "accuracy_mean": 1.0,
    "accuracy_std": 0.0,
    "Q_values": [
      0.28571429592367054,
      0.28571429366501,
      0.28571429502020634,
      0.2857142954719384,
      0.2857142918580817,
      0.28571428824422496,
      0.28571428959942125,
      0.28571429547193844,
      0.28571429005115334,
      0.28571429230981377
    ],
    "accuracies": [
      1.0,
      1.0,
      1.0,
      1.0,
      1.0,
      1.0,
      1.0,
      1.0,
      1.0,
      1.0
    ]
  },
  "0.34": {
    "Q_mean": 0.285714294297435,
    "Q_std": 2.34030357298127e-09,
    "off_diag_mean": 0.285714294297435,
    "diag_mean": 0.0,
    "accuracy_mean": 1.0,
    "accuracy_std": 0.0,
    "Q_values": [
      0.2857142963754026,
      0.2857142918580817,
      0.2857142936650101,
      0.285714293213278,
      0.28571429411674215,
      0.2857142923098138,
      0.28571429456847425,
      0.2857142950202063,
      0.28571429185808167,
      0.2857142999892593
    ],
    "accuracies": [
      1.0,
      1.0,
      1.0,
      1.0,
      1.0,
      1.0,
      1.0,
      1.0,
      1.0,
      1.0
    ]
  },
  "0.4": {
    "Q_mean": 0.2857142933036244,
    "Q_std": 2.746293334873724e-09,
    "off_diag_mean": 0.2857142933036244,
    "diag_mean": 0.0,
    "accuracy_mean": 1.0,
    "accuracy_std": 0.0,
    "Q_values": [
      0.2857142918580817,
      0.28571429863406306,
      0.2857142900511534,
      0.2857142932132779,
      0.2857142945684742,
      0.28571429547193844,
      0.28571428869595705,
      0.28571429321327796,
      0.2857142954719384,
      0.2857142918580817
    ],
    "accuracies": [
      1.0,
      1.0,
      1.0,
      1.0,
      1.0,
      1.0,
      1.0,
      1.0,
      1.0,
      1.0
    ]
  },
  "0.5": {
    "Q_mean": 0.2857142934843172,
    "Q_std": 1.1640321725323116e-09,
    "off_diag_mean": 0.2857142934843172,
    "diag_mean": 0.0,
    "accuracy_mean": 1.0,
    "accuracy_std": 0.0,
    "Q_values": [
      0.28571429456847425,
      0.28571429366501006,
      0.2857142914063496,
      0.28571429502020634,
      0.2857142923098138,
      0.28571429366501,
      0.28571429185808167,
      0.28571429411674215,
      0.2857142945684742,
      0.28571429366501
    ],
    "accuracies": [
      1.0,
      1.0,
      1.0,
      1.0,
      1.0,
      1.0,
      1.0,
      1.0,
      1.0,
      1.0
    ]
  },
  "0.6": {
    "Q_mean": 0.28571429366501,
    "Q_std": 2.020207319536148e-09,
    "off_diag_mean": 0.28571429366501,
    "diag_mean": 0.0,
    "accuracy_mean": 1.0,
    "accuracy_std": 0.0,
    "Q_values": [
      0.28571429547193844,
      0.28571429366501,
      0.28571428959942125,
      0.28571429366501006,
      0.28571429502020634,
      0.2857142918580817,
      0.2857142968271347,
      0.2857142954719384,
      0.28571429230981377,
      0.28571429276154586
    ],
    "accuracies": [
      1.0,
      1.0,
      1.0,
      1.0,
      1.0,
      1.0,
      1.0,
      1.0,
      1.0,
      1.0
    ]
  },
  "0.7": {
    "Q_mean": 0.28571429371018325,
    "Q_std": 2.024747683095598e-09,
    "off_diag_mean": 0.28571429371018325,
    "diag_mean": 0.0,
    "accuracy_mean": 1.0,
    "accuracy_std": 0.0,
    "Q_values": [
      0.28571429502020634,
      0.28571429366501,
      0.2857142900511533,
      0.2857142959236705,
      0.28571429095461753,
      0.2857142959236705,
      0.2857142959236705,
      0.28571429366501,
      0.2857142918580817,
      0.28571429411674215
    ],
    "accuracies": [
      1.0,
      1.0,
      1.0,
      1.0,
      1.0,
      1.0,
      1.0,
      1.0,
      1.0,
      1.0
    ]
  }
}