{
  "normalization": "wrapped_2d_over_k",
  "normalization_note": "x = 2*min(d,k-d)/k, range [0,1]",
  "previous_normalization_bug": "k=5,7,11 used d/k; k=13,17 used 2d/k - now fixed",
  "k11_retrained": "step8_k11_retrain.py - original k=11 (theta=0.141) was undertrained. Fresh training gives theta=0.255 matching k=13 trend",
  "k5_k7_retrained": "step9_k5_k7_retrain.py - all 5 points within 95% CI band - consistent power law",
  "k_results": {
    "5": {
      "theta": 0.0893,
      "beta": 0.2105,
      "r_squared": 0.993,
      "note": "RETRAINED - fresh training"
    },
    "7": {
      "theta": 0.2072,
      "beta": 0.2059,
      "r_squared": 0.9916,
      "note": "RETRAINED - fresh training"
    },
    "11": {
      "theta": 0.2548946751096364,
      "beta": 0.19378251923046688,
      "r_squared": 0.962811585304824,
      "note": "RETRAINED - original was undertrained (theta=0.141)"
    },
    "13": {
      "theta": 0.3184424759199198,
      "beta": 0.16824232138671616,
      "r_squared": 0.9739588140011204
    },
    "17": {
      "theta": 0.4522742161385614,
      "beta": 0.2637471524674258,
      "r_squared": 0.9595845363209238
    }
  },
  "scaling_law": {
    "k_values": [
      5,
      7,
      11,
      13,
      17
    ],
    "theta_values": [
      0.0893,
      0.2072,
      0.2549,
      0.3184,
      0.4523
    ],
    "beta_values": [
      0.2105,
      0.2059,
      0.1938,
      0.1682,
      0.2637
    ],
    "fits": {
      "log_k": {
        "A": 0.115197,
        "R2": 0.5805,
        "pred_k23": 0.363
      },
      "power": {
        "A": 0.018649,
        "alpha": 1.1184,
        "R2": 0.96,
        "pred_k23": 0.272
      },
      "constant": {
        "C": 0.2456,
        "R2": -3.29
      },
      "log_plus": {
        "A": 0.303167,
        "B": -0.442674,
        "R2": 0.9655
      }
    },
    "winning_model": "k^alpha",
    "beta_universal": {
      "mean": 0.1898,
      "std": 0.0392,
      "verdict": "DRIFTING (but improved)"
    }
  }
}