{
  "normalization": "wrapped_2d_over_k",
  "normalization_note": "x = 2*min(d,k-d)/k, range [0,1]",
  "previous_normalization_bug": "k=5,7,11 used d/k; k=13,17 used 2d/k - now fixed",
  "k_results": {
    "5": {
      "theta": 0.06856546181731986,
      "beta": 0.16796029505550855,
      "r_squared": 0.9991514759778743
    },
    "7": {
      "theta": 0.1338024782908712,
      "beta": 0.1545157079457211,
      "r_squared": 0.9911235093904194
    },
    "11": {
      "theta": 0.1410276507753613,
      "beta": 0.14796039850902867,
      "r_squared": 0.9019398531670287
    },
    "13": {
      "theta": 0.3184424759199198,
      "beta": 0.16824232138671616,
      "r_squared": 0.9739588140011204
    },
    "17": {
      "theta": 0.4522742161385614,
      "beta": 0.2637471524674258,
      "r_squared": 0.9595845363209238
    }
  },
  "scaling_law": {
    "k_values": [
      5,
      7,
      11,
      13,
      17
    ],
    "theta_values": [
      0.06856546181731986,
      0.1338024782908712,
      0.1410276507753613,
      0.3184424759199198,
      0.4522742161385614
    ],
    "beta_values": [
      0.16796029505550855,
      0.1545157079457211,
      0.14796039850902867,
      0.16824232138671616,
      0.2637471524674258
    ],
    "fits": {
      "log_k": {
        "A": 0.10500452256134453,
        "R2": 0.46412007147653933,
        "pred_k23": 0.3292410731374977
      },
      "power": {
        "A": 0.003473378313354677,
        "alpha": 1.7164990681917072,
        "R2": 0.9216285620110467,
        "pred_k23": 0.7553646385593485
      },
      "constant": {
        "C": 0.2228224556116966,
        "R2": 0.0
      },
      "log_plus": {
        "A": 0.28870786452546904,
        "B": -0.4326255811323551,
        "R2": 0.8001844486810553
      }
    },
    "winning_model": "k^alpha",
    "beta_universal": {
      "mean": 0.18048517507288006,
      "std": 0.042359393949576905,
      "verdict": "DRIFTING"
    }
  }
}