{
  "k19": {
    "theta": 0.4849925184325419,
    "beta": 0.2155834425290835,
    "r_squared": 0.9707320830877489,
    "theta_over_k": 0.025525922022765362,
    "train_acc_mean": 0.5520833134651184,
    "test_acc_mean": 0.30136987566947937,
    "final_loss_mean": 2.080550193786621,
    "upper_triangle_acc": 0.4789473684210527,
    "lower_triangle_acc": 0.5263157894736842,
    "wrapped_distance_points": {
      "0": 0.05263157894736842,
      "1": 0.10526315789473684,
      "2": 0.21052631578947367,
      "3": 0.3157894736842105,
      "4": 0.42105263157894735,
      "5": 0.631578947368421,
      "6": 0.6842105263157895,
      "7": 0.7368421052631577,
      "8": 0.8421052631578947,
      "9": 0.7894736842105263
    }
  },
  "k21": {
    "theta": 0.4252010952291662,
    "beta": 0.18432757964048482,
    "r_squared": 0.9862748556519266,
    "theta_over_k": 0.020247671201388866,
    "train_acc_mean": 0.5994318127632141,
    "test_acc_mean": 0.4157303273677826,
    "final_loss_mean": 2.159747838973999,
    "upper_triangle_acc": 0.5367965367965368,
    "lower_triangle_acc": 0.5904761904761904,
    "wrapped_distance_points": {
      "0": 0.0,
      "1": 0.14285714285714285,
      "2": 0.23809523809523808,
      "3": 0.33333333333333337,
      "4": 0.47619047619047616,
      "5": 0.5714285714285714,
      "6": 0.6666666666666667,
      "7": 0.7619047619047619,
      "8": 0.8571428571428571,
      "9": 0.9523809523809523,
      "10": 0.9047619047619048
    }
  },
  "k17_reference": {
    "loss": 0.17,
    "theta_over_k": 0.0266
  },
  "k23_reference": {
    "loss": 2.26,
    "theta_over_k": 0.02
  }
}