{
  "5": {
    "pattern": "DIAGONAL_FAILURE",
    "diagonal": 0.4000000059604645,
    "upper": 1.0,
    "lower": 1.0,
    "test_acc": 0.6000000238418579,
    "theoretical_acc_if_only_diagonal_fails": 0.8,
    "gap": 0.19999997615814213,
    "distance_table": {
      "0": 0.4000000059604645,
      "1": 0.75,
      "2": 1.0,
      "3": 1.0,
      "4": 1.0
    }
  },
  "7": {
    "pattern": "DIAGONAL_FAILURE",
    "diagonal": 0.285714328289032,
    "upper": 1.0,
    "lower": 1.0,
    "test_acc": 0.4000000059604645,
    "theoretical_acc_if_only_diagonal_fails": 0.8571428571428571,
    "gap": 0.4571428511823926,
    "distance_table": {
      "0": 0.2857142984867096,
      "1": 0.5,
      "2": 0.800000011920929,
      "3": 1.0,
      "4": 1.0,
      "5": 1.0,
      "6": 1.0
    }
  },
  "11": {
    "pattern": "DIAGONAL_FAILURE",
    "diagonal": 0.18181820213794708,
    "upper": 1.0,
    "lower": 1.0,
    "test_acc": 0.5199999809265137,
    "theoretical_acc_if_only_diagonal_fails": 0.9090909090909091,
    "gap": 0.3890909281643954,
    "distance_table": {
      "0": 0.1818181872367859,
      "1": 0.4000000059604645,
      "2": 0.5555555820465088,
      "3": 0.625,
      "4": 1.0,
      "5": 1.0,
      "6": 1.0,
      "7": 1.0,
      "8": 1.0,
      "9": 1.0,
      "10": 1.0
    }
  }
}