{
  "k": 11,
  "n_seeds": 10,
  "n_epochs": 150,
  "lr": 0.1,
  "train_acc_mean": 0.7604166865348816,
  "train_acc_std": 0.0,
  "test_acc_mean": 0.5199999809265137,
  "test_acc_std": 0.0,
  "theta": 0.2548946751096364,
  "beta": 0.19378251923046688,
  "r_squared": 0.962811585304824,
  "wrapped_distance_points": {
    "0": {
      "mean": 0.1818181872367859,
      "count": 10
    },
    "1": {
      "mean": 0.4545454680919647,
      "count": 10
    },
    "2": {
      "mean": 0.6363636255264282,
      "count": 10
    },
    "3": {
      "mean": 0.7272727489471436,
      "count": 10
    },
    "4": {
      "mean": 1.0,
      "count": 10
    },
    "5": {
      "mean": 1.0,
      "count": 10
    }
  },
  "per_seed_results": [
    {
      "seed": 0,
      "train_acc": 0.7604166865348816,
      "test_acc": 0.5199999809265137,
      "wrapped_distance_table": {
        "0": {
          "mean": 0.1818181872367859,
          "count": 11
        },
        "1": {
          "mean": 0.4545454680919647,
          "count": 22
        },
        "2": {
          "mean": 0.6363636255264282,
          "count": 22
        },
        "3": {
          "mean": 0.7272727489471436,
          "count": 22
        },
        "4": {
          "mean": 1.0,
          "count": 22
        },
        "5": {
          "mean": 1.0,
          "count": 22
        }
      },
      "raw_distance_table": {
        "0": {
          "mean": 0.1818181872367859,
          "count": 11
        },
        "1": {
          "mean": 0.4000000059604645,
          "count": 20
        },
        "2": {
          "mean": 0.5555555820465088,
          "count": 18
        },
        "3": {
          "mean": 0.625,
          "count": 16
        },
        "4": {
          "mean": 1.0,
          "count": 14
        },
        "5": {
          "mean": 1.0,
          "count": 12
        },
        "6": {
          "mean": 1.0,
          "count": 10
        },
        "7": {
          "mean": 1.0,
          "count": 8
        },
        "8": {
          "mean": 1.0,
          "count": 6
        },
        "9": {
          "mean": 1.0,
          "count": 4
        },
        "10": {
          "mean": 1.0,
          "count": 2
        }
      }
    },
    {
      "seed": 1,
      "train_acc": 0.7604166865348816,
      "test_acc": 0.5199999809265137,
      "wrapped_distance_table": {
        "0": {
          "mean": 0.1818181872367859,
          "count": 11
        },
        "1": {
          "mean": 0.4545454680919647,
          "count": 22
        },
        "2": {
          "mean": 0.6363636255264282,
          "count": 22
        },
        "3": {
          "mean": 0.7272727489471436,
          "count": 22
        },
        "4": {
          "mean": 1.0,
          "count": 22
        },
        "5": {
          "mean": 1.0,
          "count": 22
        }
      },
      "raw_distance_table": {
        "0": {
          "mean": 0.1818181872367859,
          "count": 11
        },
        "1": {
          "mean": 0.4000000059604645,
          "count": 20
        },
        "2": {
          "mean": 0.5555555820465088,
          "count": 18
        },
        "3": {
          "mean": 0.625,
          "count": 16
        },
        "4": {
          "mean": 1.0,
          "count": 14
        },
        "5": {
          "mean": 1.0,
          "count": 12
        },
        "6": {
          "mean": 1.0,
          "count": 10
        },
        "7": {
          "mean": 1.0,
          "count": 8
        },
        "8": {
          "mean": 1.0,
          "count": 6
        },
        "9": {
          "mean": 1.0,
          "count": 4
        },
        "10": {
          "mean": 1.0,
          "count": 2
        }
      }
    },
    {
      "seed": 2,
      "train_acc": 0.7604166865348816,
      "test_acc": 0.5199999809265137,
      "wrapped_distance_table": {
        "0": {
          "mean": 0.1818181872367859,
          "count": 11
        },
        "1": {
          "mean": 0.4545454680919647,
          "count": 22
        },
        "2": {
          "mean": 0.6363636255264282,
          "count": 22
        },
        "3": {
          "mean": 0.7272727489471436,
          "count": 22
        },
        "4": {
          "mean": 1.0,
          "count": 22
        },
        "5": {
          "mean": 1.0,
          "count": 22
        }
      },
      "raw_distance_table": {
        "0": {
          "mean": 0.1818181872367859,
          "count": 11
        },
        "1": {
          "mean": 0.4000000059604645,
          "count": 20
        },
        "2": {
          "mean": 0.5555555820465088,
          "count": 18
        },
        "3": {
          "mean": 0.625,
          "count": 16
        },
        "4": {
          "mean": 1.0,
          "count": 14
        },
        "5": {
          "mean": 1.0,
          "count": 12
        },
        "6": {
          "mean": 1.0,
          "count": 10
        },
        "7": {
          "mean": 1.0,
          "count": 8
        },
        "8": {
          "mean": 1.0,
          "count": 6
        },
        "9": {
          "mean": 1.0,
          "count": 4
        },
        "10": {
          "mean": 1.0,
          "count": 2
        }
      }
    },
    {
      "seed": 3,
      "train_acc": 0.7604166865348816,
      "test_acc": 0.5199999809265137,
      "wrapped_distance_table": {
        "0": {
          "mean": 0.1818181872367859,
          "count": 11
        },
        "1": {
          "mean": 0.4545454680919647,
          "count": 22
        },
        "2": {
          "mean": 0.6363636255264282,
          "count": 22
        },
        "3": {
          "mean": 0.7272727489471436,
          "count": 22
        },
        "4": {
          "mean": 1.0,
          "count": 22
        },
        "5": {
          "mean": 1.0,
          "count": 22
        }
      },
      "raw_distance_table": {
        "0": {
          "mean": 0.1818181872367859,
          "count": 11
        },
        "1": {
          "mean": 0.4000000059604645,
          "count": 20
        },
        "2": {
          "mean": 0.5555555820465088,
          "count": 18
        },
        "3": {
          "mean": 0.625,
          "count": 16
        },
        "4": {
          "mean": 1.0,
          "count": 14
        },
        "5": {
          "mean": 1.0,
          "count": 12
        },
        "6": {
          "mean": 1.0,
          "count": 10
        },
        "7": {
          "mean": 1.0,
          "count": 8
        },
        "8": {
          "mean": 1.0,
          "count": 6
        },
        "9": {
          "mean": 1.0,
          "count": 4
        },
        "10": {
          "mean": 1.0,
          "count": 2
        }
      }
    },
    {
      "seed": 4,
      "train_acc": 0.7604166865348816,
      "test_acc": 0.5199999809265137,
      "wrapped_distance_table": {
        "0": {
          "mean": 0.1818181872367859,
          "count": 11
        },
        "1": {
          "mean": 0.4545454680919647,
          "count": 22
        },
        "2": {
          "mean": 0.6363636255264282,
          "count": 22
        },
        "3": {
          "mean": 0.7272727489471436,
          "count": 22
        },
        "4": {
          "mean": 1.0,
          "count": 22
        },
        "5": {
          "mean": 1.0,
          "count": 22
        }
      },
      "raw_distance_table": {
        "0": {
          "mean": 0.1818181872367859,
          "count": 11
        },
        "1": {
          "mean": 0.4000000059604645,
          "count": 20
        },
        "2": {
          "mean": 0.5555555820465088,
          "count": 18
        },
        "3": {
          "mean": 0.625,
          "count": 16
        },
        "4": {
          "mean": 1.0,
          "count": 14
        },
        "5": {
          "mean": 1.0,
          "count": 12
        },
        "6": {
          "mean": 1.0,
          "count": 10
        },
        "7": {
          "mean": 1.0,
          "count": 8
        },