{
  "k23": {
    "theta": 0.4591445521503707,
    "beta": 0.24658865483294376,
    "r_squared": 0.958355686704001,
    "theta_over_k": 0.01996280661523351,
    "train_acc_mean": 0.5815602540969849,
    "test_acc_mean": 0.2924528419971466,
    "wrapped_distance_points": {
      "0": 0.043478261679410934,
      "1": 0.1304347813129425,
      "2": 0.260869562625885,
      "3": 0.30434781312942505,
      "4": 0.3913043439388275,
      "5": 0.52173912525177,
      "6": 0.6521739363670349,
      "7": 0.6521739363670349,
      "8": 0.739130437374115,
      "9": 0.695652186870575,
      "10": 0.8260869383811951,
      "11": 0.8260869383811951
    }
  },
  "k29": {
    "theta": 0.5941568293535625,
    "beta": 0.2813413134437796,
    "r_squared": 0.9158742059798719,
    "theta_over_k": 0.02048816652943319,
    "train_acc_mean": 0.5059523582458496,
    "test_acc_mean": 0.10059171915054321,
    "wrapped_distance_points": {
      "0": 0.03448275849223137,
      "1": 0.1034482792019844,
      "2": 0.17241379618644714,
      "3": 0.13793103396892548,
      "4": 0.2068965584039688,
      "5": 0.24137930572032928,
      "6": 0.3448275923728943,
      "7": 0.4482758641242981,
      "8": 0.5862069129943848,
      "9": 0.6206896305084229,
      "10": 0.6206896305084229,
      "11": 0.6551724076271057,
      "12": 0.6896551847457886,
      "13": 0.6551724076271057,
      "14": 0.6551724076271057
    }
  },
  "power_law_6point": {
    "A": 0.04738336193772909,
    "alpha": 0.7479103299877755,
    "R2": 0.9478177728392813
  },
  "constant_theta_over_k": {
    "C": 0.024053648410440474,
    "std": 0.003358868998782767,
    "relative_std": 0.13964072898499888
  }
}