{
  "5": {
    "theta": 0.06856546181731986,
    "beta": 0.16796029505550855,
    "r_squared": 0.9991514759778743,
    "distance_table": {
      "0": 0.4000000059604645,
      "1": 0.875,
      "2": 1.0
    }
  },
  "7": {
    "theta": 0.1338024782908712,
    "beta": 0.1545157079457211,
    "r_squared": 0.9911235093904194,
    "distance_table": {
      "0": 0.2857142984867096,
      "1": 0.75,
      "2": 0.9000000059604645,
      "3": 1.0
    }
  },
  "11": {
    "theta": 0.1410276507753613,
    "beta": 0.14796039850902867,
    "r_squared": 0.9019398531670287,
    "distance_table": {
      "0": 0.1818181872367859,
      "1": 0.7000000029802322,
      "2": 0.7777777910232544,
      "3": 0.8125,
      "4": 1.0,
      "5": 1.0
    }
  }
}