{
  "k5": {
    "theta": 0.08925247721728383,
    "beta": 0.21054249223494678,
    "r_squared": 0.9929962050045946,
    "train_acc_mean": 0.8500000238418579,
    "test_acc_mean": 0.6000000238418579,
    "wrapped_distance_points": {
      "0": 0.4000000059604645,
      "1": 0.800000011920929,
      "2": 1.0
    }
  },
  "k7": {
    "theta": 0.20722288834117403,
    "beta": 0.20586116002681806,
    "r_squared": 0.9916357562978735,
    "train_acc_mean": 0.8205128312110901,
    "test_acc_mean": 0.4000000059604645,
    "wrapped_distance_points": {
      "0": 0.2857142984867096,
      "1": 0.5714285969734192,
      "2": 0.8571428656578064,
      "3": 1.0
    }
  },
  "power_law": {
    "A": 0.018649250313816593,
    "alpha": 1.1183931083103367,
    "R2": 0.9600347099070066,
    "A_err": 0.007749879339578821,
    "alpha_err": 0.15923616363739518
  },
  "confidence_band": {
    "5": {
      "observed": 0.08925247721728383,
      "predicted": 0.11281961515348764,
      "ci_lower": 0.04008256073200035,
      "ci_upper": 0.1855566695749749,
      "in_band": true
    },
    "7": {
      "observed": 0.20722288834117403,
      "predicted": 0.16436646008484015,
      "ci_lower": 0.10667757196843208,
      "ci_upper": 0.22205534820124823,
      "in_band": true
    },
    "11": {
      "observed": 0.255,
      "predicted": 0.27248825034642615,
      "ci_lower": 0.2281862044139079,
      "ci_upper": 0.3167902962789444,
      "in_band": true
    },
    "13": {
      "observed": 0.318,
      "predicted": 0.32846412787206186,
      "ci_lower": 0.2778676259246602,
      "ci_upper": 0.37906062981946353,
      "in_band": true
    },
    "17": {
      "observed": 0.452,
      "predicted": 0.44339110052563285,
      "ci_lower": 0.3639261303208956,
      "ci_upper": 0.5228560707303701,
      "in_band": true
    }
  }
}