{
  "analysis": "Phase spacing in learned output phases",
  "results": [
    {
      "min_gap": 0.6142187118530273,
      "max_gap": 2.161585807800293,
      "mean_gap": 1.2566370964050293,
      "std_gap": 0.5741322040557861,
      "theoretical_gap": 1.2566370614359172,
      "ratio_min_theory": 0.4887796938419342,
      "ratio_mean_theory": 1.0,
      "ratio_std_theory": 0.4568798840045929,
      "cv": 0.4568798840045929,
      "phases": [
        1.3134894371032715,
        1.9277081489562988,
        2.6134092807769775,
        3.8776535987854004,
        6.039239406585693
      ],
      "k": 5,
      "checkpoint": "results/control_v3/models/k5_seed0.pt"
    },
    {
      "min_gap": 0.3825942277908325,
      "max_gap": 1.7353882789611816,
      "mean_gap": 0.8975979089736938,
      "std_gap": 0.5049931406974792,
      "theoretical_gap": 0.8975979010256552,
      "ratio_min_theory": 0.42624232172966003,
      "ratio_mean_theory": 1.0,
      "ratio_std_theory": 0.562605082988739,
      "cv": 0.562605082988739,
      "phases": [
        1.3309403657913208,
        1.7487157583236694,
        2.131309986114502,
        2.5166594982147217,
        3.3209171295166016,
        5.056305408477783,
        6.448940277099609
      ],
      "k": 7,
      "checkpoint": "results/control_v3/models/k7_seed0.pt"
    },
    {
      "min_gap": 0.20207905769348145,
      "max_gap": 1.169619083404541,
      "mean_gap": 0.5711987018585205,
      "std_gap": 0.33210495114326477,
      "theoretical_gap": 0.5711986642890533,
      "ratio_min_theory": 0.35378071665763855,
      "ratio_mean_theory": 1.0000001192092896,
      "ratio_std_theory": 0.5814176201820374,
      "cv": 0.5814175605773926,
      "phases": [
        1.4801441431045532,
        1.8729181289672852,
        2.116863250732422,
        2.361311912536621,
        2.5633909702301025,
        2.8033156394958496,
        3.179805040359497,
        4.004552841186523,
        5.1741719245910645,
        6.069817543029785,
        6.871255397796631
      ],
      "k": 11,
      "checkpoint": "results/control_v3/models/k11_seed0.pt"
    },
    {
      "min_gap": 0.1557607650756836,
      "max_gap": 0.8891129493713379,
      "mean_gap": 0.4833219647407532,
      "std_gap": 0.2670837342739105,
      "theoretical_gap": 0.483321946706122,
      "ratio_min_theory": 0.3222712576389313,
      "ratio_mean_theory": 1.0000001192092896,
      "ratio_std_theory": 0.552600085735321,
      "cv": 0.5526000261306763,
      "phases": [
        1.3973376750946045,
        1.7893685102462769,
        2.0366768836975098,
        2.247236967086792,
        2.449735403060913,
        2.654798984527588,
        2.8105597496032715,
        3.1292662620544434,
        3.7588934898376465,
        4.537656784057617,
        5.426769733428955,
        6.231394290924072,
        6.904819965362549
      ],
      "k": 13,
      "checkpoint": "results/control_v3/models/k13_hm1_seed0.pt"
    },
    {
      "min_gap": 0.038022518157958984,
      "max_gap": 1.2701630592346191,
      "mean_gap": 0.3695991337299347,
      "std_gap": 0.34330329298973083,
      "theoretical_gap": 0.36959913571644626,
      "ratio_min_theory": 0.10287501662969589,
      "ratio_mean_theory": 1.0,
      "ratio_std_theory": 0.9288530945777893,
      "cv": 0.9288530945777893,
      "phases": [
        1.4503093957901,
        1.6742522716522217,
        1.9643561840057373,
        2.1474828720092773,
        2.277392864227295,
        2.4271676540374756,
        2.55924391746521,
        2.7321856021881104,
        2.8774731159210205,
        3.1739022731781006,
        3.5295040607452393,
        3.927295684814453,
        4.578441143035889,
        5.4111552238464355,
        6.719340801239014,
        6.681318283081055,
        6.762070655822754
      ],
      "k": 17,
      "checkpoint": "results/control_v3/models/k17_hm1_seed0.pt"
    },
    {
      "min_gap": 0.024555683135986328,
      "max_gap": 1.0872454643249512,
      "mean_gap": 0.33069396018981934,
      "std_gap": 0.2975348234176636,
      "theoretical_gap": 0.3306939635357677,
      "ratio_min_theory": 0.07425501197576523,
      "ratio_mean_theory": 1.0,
      "ratio_std_theory": 0.8997286558151245,
      "cv": 0.8997286558151245,
      "phases": [
        1.4451388120651245,
        1.7078936100006104,
        1.8818901777267456,
        2.1025233268737793,
        2.2739903926849365,
        2.41043758392334,
        2.526195764541626,
        2.6402039527893066,
        2.769498825073242,
        2.922675848007202,
        3.161222219467163,
        3.4479117393493652,
        3.7866029739379883,
        4.290194988250732,
        4.869258403778076,
        5.593471527099609,
        6.756364345550537,
        6.6807169914245605,
        6.731808662414551
      ],
      "k": 19,
      "checkpoint": "results/control_v3/models/k19_seed0.pt"
    },
    {
      "min_gap": 0.00029659271240234375,
      "max_gap": 0.8965040445327759,
      "mean_gap": 0.29919931292533875,
      "std_gap": 0.23517069220542908,
      "theoretical_gap": 0.2991993003418851,
      "ratio_min_theory": 0.0009912881068885326,
      "ratio_mean_theory": 1.0,
      "ratio_std_theory": 0.78600013256073,
      "cv": 0.78600013256073,
      "phases": [
        1.5433307886123657,
        1.7187186479568481,
        1.9460853338241577,
        2.103546380996704,
        2.225126266479492,
        2.3834335803985596,
        2.5040769577026367,
        2.618224859237671,
        2.8089470863342285,
        2.8291916847229004,
        2.9300923347473145,
        3.087865114212036,
        3.363983631134033,
        3.7263033390045166,
        4.143141746520996,
        4.685215950012207,
        5.353982925415039,
        5.924830913543701,
        6.289522647857666,
        6.929715633392334,
        6.930012226104736
      ],
      "k": 21,
      "checkpoint": "results/control_v3/models/k21_seed0.pt"
    },
    {
      "min_gap": 0.011992454528808594,
      "max_gap": 0.9454302787780762,
      "mean_gap": 0.2731819748878479,
      "std_gap": 0.24076801538467407,
      "theoretical_gap": 0.2731819698773733,
      "ratio_min_theory": 0.04389914125204086,
      "ratio_mean_theory": 1.0,
      "ratio_std_theory": 0.8813466429710388,
      "cv": 0.8813466429710388,
      "phases": [
        1.5390639305114746,
        1.7218598127365112,
        1.8653085231781006,
        2.067828416824341,
        2.209325075149536,
        2.348191261291504,
        2.442403793334961,
        2.552541971206665,
        2.6521263122558594,
        2.7387797832489014,
        2.8563241958618164,
        2.9793906211853027,
        3.1586198806762695,
        3.372983694076538,
        3.644221067428589,
        4.034988880157471,
        4.361886978149414,
        4.930706977844238,
        5.567963123321533,
        6.547781467437744,
        6.525385856628418,
        6.513393402099609,
        7.16822624206543
      ],
      "k": 23,
      "checkpoint": "results/control_v3/models/k23_seed0.pt"
    },
    {
      "min_gap": 0.0010585784912109375,
      "max_gap": 1.3471498489379883,
      "mean_gap": 0.21666157245635986,
      "std_gap": 0.29045796394348145,
      "theoretical_gap": 0.21666156231653746,
      "ratio_min_theory": 0.004885862115770578,
      "ratio_mean_theory": 1.0000001192092896,
      "ratio_std_theory": 1.3406068086624146,
      "cv": 1.340606689453125,