{
  "3": {
    "critical_noise": 0.5,
    "pi_over_k": 1.0471975511965976,
    "ratio": 0.47746482927568606
  },
  "5": {
    "critical_noise": 0.5,
    "pi_over_k": 0.6283185307179586,
    "ratio": 0.7957747154594768
  },
  "7": {
    "critical_noise": 0.45286028489922286,
    "pi_over_k": 0.4487989505128276,
    "ratio": 1.0090493402040146
  },
  "11": {
    "critical_noise": 0.4285034149075313,
    "pi_over_k": 0.28559933214452665,
    "ratio": 1.5003656055144012
  }
}