{
  "3": {
    "mean_sigma_star": 0.5877551020408163,
    "all_sigma_stars": [
      0.5918367346938775,
      0.6122448979591836,
      0.5714285714285714,
      0.5714285714285714,
      0.5918367346938775
    ]
  },
  "5": {
    "mean_sigma_star": 0.35918367346938773,
    "all_sigma_stars": [
      0.36734693877551017,
      0.36734693877551017,
      0.3469387755102041,
      0.36734693877551017,
      0.3469387755102041
    ]
  },
  "7": {
    "mean_sigma_star": 0.2612244897959183,
    "all_sigma_stars": [
      0.26530612244897955,
      0.24489795918367346,
      0.26530612244897955,
      0.26530612244897955,
      0.26530612244897955
    ]
  },
  "11": {
    "mean_sigma_star": 0.1714285714285714,
    "all_sigma_stars": [
      0.16326530612244897,
      0.18367346938775508,
      0.16326530612244897,
      0.18367346938775508,
      0.16326530612244897
    ]
  }
}